face_folder,audio_path,label,method,type,category,source_path,true_label,pred_label,prob_fake,threshold,is_correct,error_type
FakeAVCeleb_LipSync/test/0_103_id00945_00107,FakeAVCeleb_LipSync/test/0_103_id00945_00107.wav,0,real,RealVideo-RealAudio,A,D:\Projects\FakeAVCeleb_v1.2\RealVideo-RealAudio/Caucasian (American)/men/id00945\00107.mp4,0,1,0.96923828125,0.5,False,false_fake_real_predicted_fake
FakeAVCeleb_LipSync/test/0_75_id06776_00021,FakeAVCeleb_LipSync/test/0_75_id06776_00021.wav,0,real,RealVideo-RealAudio,A,D:\Projects\FakeAVCeleb_v1.2\RealVideo-RealAudio/Asian (East)/men/id06776\00021.mp4,0,1,0.96484375,0.5,False,false_fake_real_predicted_fake
FakeAVCeleb_LipSync/test/0_322_id04537_00083,FakeAVCeleb_LipSync/test/0_322_id04537_00083.wav,0,real,RealVideo-RealAudio,A,D:\Projects\FakeAVCeleb_v1.2\RealVideo-RealAudio/Asian (South)/men/id04537\00083.mp4,0,1,0.95654296875,0.5,False,false_fake_real_predicted_fake
FakeAVCeleb_LipSync/test/0_127_id09116_00026,FakeAVCeleb_LipSync/test/0_127_id09116_00026.wav,0,real,RealVideo-RealAudio,A,D:\Projects\FakeAVCeleb_v1.2\RealVideo-RealAudio/Asian (East)/women/id09116\00026.mp4,0,1,0.94189453125,0.5,False,false_fake_real_predicted_fake
FakeAVCeleb_LipSync/test/0_571_id03781_00113,FakeAVCeleb_LipSync/test/0_571_id03781_00113.wav,0,real,RealVideo-RealAudio,A,D:\Projects\FakeAVCeleb_v1.2\RealVideo-RealAudio/Caucasian (American)/women/id03781\00113.mp4,0,1,0.84130859375,0.5,False,false_fake_real_predicted_fake
FakeAVCeleb_LipSync/test/0_185_id04820_00015,FakeAVCeleb_LipSync/test/0_185_id04820_00015.wav,0,real,RealVideo-RealAudio,A,D:\Projects\FakeAVCeleb_v1.2\RealVideo-RealAudio/African/women/id04820\00015.mp4,0,1,0.79345703125,0.5,False,false_fake_real_predicted_fake
FakeAVCeleb_LipSync/test/0_868_id00594_00005,FakeAVCeleb_LipSync/test/0_868_id00594_00005.wav,0,real,RealVideo-RealAudio,A,D:\Projects\FakeAVCeleb_v1.2\RealVideo-RealAudio/Caucasian (European)/men/id00594\00005.mp4,0,1,0.61572265625,0.5,False,false_fake_real_predicted_fake
FakeAVCeleb_LipSync/test/0_601_id01163_00195,FakeAVCeleb_LipSync/test/0_601_id01163_00195.wav,0,real,RealVideo-RealAudio,A,D:\Projects\FakeAVCeleb_v1.2\RealVideo-RealAudio/Caucasian (American)/men/id01163\00195.mp4,0,1,0.58740234375,0.5,False,false_fake_real_predicted_fake
FakeAVCeleb_LipSync/test/0_435_id03605_00048,FakeAVCeleb_LipSync/test/0_435_id03605_00048.wav,0,real,RealVideo-RealAudio,A,D:\Projects\FakeAVCeleb_v1.2\RealVideo-RealAudio/Caucasian (American)/women/id03605\00048.mp4,0,1,0.58740234375,0.5,False,false_fake_real_predicted_fake
FakeAVCeleb_LipSync/test/1_767_id06066_00028_id07901_wavtolip,FakeAVCeleb_LipSync/test/1_767_id06066_00028_id07901_wavtolip.wav,1,wav2lip,FakeVideo-RealAudio,C,D:\Projects\FakeAVCeleb_v1.2\FakeVideo-RealAudio/Asian (East)/women/id06066\00028_id07901_wavtolip.mp4,1,0,0.165283203125,0.5,False,false_real_fake_predicted_real
FakeAVCeleb_LipSync/test/1_28_id00266_00470_id00368_wavtolip,FakeAVCeleb_LipSync/test/1_28_id00266_00470_id00368_wavtolip.wav,1,wav2lip,FakeVideo-RealAudio,C,D:\Projects\FakeAVCeleb_v1.2\FakeVideo-RealAudio/Caucasian (European)/men/id00266\00470_id00368_wavtolip.mp4,1,0,0.1614990234375,0.5,False,false_real_fake_predicted_real
FakeAVCeleb_LipSync/test/1_190_id03649_00001_id00271_wavtolip,FakeAVCeleb_LipSync/test/1_190_id03649_00001_id00271_wavtolip.wav,1,wav2lip,FakeVideo-RealAudio,C,D:\Projects\FakeAVCeleb_v1.2\FakeVideo-RealAudio/Caucasian (European)/women/id03649\00001_id00271_wavtolip.mp4,1,0,0.08477783203125,0.5,False,false_real_fake_predicted_real
FakeAVCeleb_LipSync/test/1_133_id01051_00322_id00358_wavtolip,FakeAVCeleb_LipSync/test/1_133_id01051_00322_id00358_wavtolip.wav,1,wav2lip,FakeVideo-RealAudio,C,D:\Projects\FakeAVCeleb_v1.2\FakeVideo-RealAudio/Caucasian (European)/men/id01051\00322_id00358_wavtolip.mp4,1,0,0.056549072265625,0.5,False,false_real_fake_predicted_real
FakeAVCeleb_LipSync/test/1_534_id00431_00039_id03696_wavtolip,FakeAVCeleb_LipSync/test/1_534_id00431_00039_id03696_wavtolip.wav,1,wav2lip,FakeVideo-RealAudio,C,D:\Projects\FakeAVCeleb_v1.2\FakeVideo-RealAudio/Caucasian (American)/women/id00431\00039_id03696_wavtolip.mp4,1,0,0.0546875,0.5,False,false_real_fake_predicted_real
FakeAVCeleb_LipSync/test/1_748_id04687_00066_id03168_wavtolip,FakeAVCeleb_LipSync/test/1_748_id04687_00066_id03168_wavtolip.wav,1,wav2lip,FakeVideo-FakeAudio,D,D:\Projects\FakeAVCeleb_v1.2\FakeVideo-FakeAudio/Asian (East)/men/id04687\00066_id03168_wavtolip.mp4,1,0,0.0457763671875,0.5,False,false_real_fake_predicted_real
FakeAVCeleb_LipSync/test/1_751_id06354_00021_id07200_wavtolip,FakeAVCeleb_LipSync/test/1_751_id06354_00021_id07200_wavtolip.wav,1,wav2lip,FakeVideo-RealAudio,C,D:\Projects\FakeAVCeleb_v1.2\FakeVideo-RealAudio/Asian (South)/men/id06354\00021_id07200_wavtolip.mp4,1,0,0.044769287109375,0.5,False,false_real_fake_predicted_real
FakeAVCeleb_LipSync/test/1_189_id06462_00014_id01281_wavtolip,FakeAVCeleb_LipSync/test/1_189_id06462_00014_id01281_wavtolip.wav,1,wav2lip,FakeVideo-RealAudio,C,D:\Projects\FakeAVCeleb_v1.2\FakeVideo-RealAudio/Asian (East)/women/id06462\00014_id01281_wavtolip.mp4,1,0,0.044189453125,0.5,False,false_real_fake_predicted_real
FakeAVCeleb_LipSync/test/1_515_id07686_00254_id07008_wavtolip,FakeAVCeleb_LipSync/test/1_515_id07686_00254_id07008_wavtolip.wav,1,wav2lip,FakeVideo-RealAudio,C,D:\Projects\FakeAVCeleb_v1.2\FakeVideo-RealAudio/Asian (South)/women/id07686\00254_id07008_wavtolip.mp4,1,0,0.042327880859375,0.5,False,false_real_fake_predicted_real
FakeAVCeleb_LipSync/test/1_15_id00042_00028_id03620_wavtolip,FakeAVCeleb_LipSync/test/1_15_id00042_00028_id03620_wavtolip.wav,1,wav2lip,FakeVideo-RealAudio,C,D:\Projects\FakeAVCeleb_v1.2\FakeVideo-RealAudio/Caucasian (European)/women/id00042\00028_id03620_wavtolip.mp4,1,0,0.038238525390625,0.5,False,false_real_fake_predicted_real
FakeAVCeleb_LipSync/test/1_932_id00403_00052_id00234_M3g5KRLJB60_faceswap_id00232_wavtolip,FakeAVCeleb_LipSync/test/1_932_id00403_00052_id00234_M3g5KRLJB60_faceswap_id00232_wavtolip.wav,1,faceswap-wav2lip,FakeVideo-FakeAudio,D,D:\Projects\FakeAVCeleb_v1.2\FakeVideo-FakeAudio/Caucasian (European)/women/id00403\00052_id00234_M3g5KRLJB60_faceswap_id00232_wavtolip.mp4,1,1,0.98193359375,0.5,True,correct
FakeAVCeleb_LipSync/test/1_870_id05235_00052_id00829_wavtolip,FakeAVCeleb_LipSync/test/1_870_id05235_00052_id00829_wavtolip.wav,1,wav2lip,FakeVideo-RealAudio,C,D:\Projects\FakeAVCeleb_v1.2\FakeVideo-RealAudio/African/women/id05235\00052_id00829_wavtolip.mp4,1,1,0.9794921875,0.5,True,correct
FakeAVCeleb_LipSync/test/1_666_id00025_00025_id01004_867Wlj7Gw68_faceswap_id03605_wavtolip,FakeAVCeleb_LipSync/test/1_666_id00025_00025_id01004_867Wlj7Gw68_faceswap_id03605_wavtolip.wav,1,faceswap-wav2lip,FakeVideo-FakeAudio,D,D:\Projects\FakeAVCeleb_v1.2\FakeVideo-FakeAudio/Caucasian (American)/women/id00025\00025_id01004_867Wlj7Gw68_faceswap_id03605_wavtolip.mp4,1,1,0.9794921875,0.5,True,correct
FakeAVCeleb_LipSync/test/1_554_id00568_00384_id01178_wavtolip,FakeAVCeleb_LipSync/test/1_554_id00568_00384_id01178_wavtolip.wav,1,wav2lip,FakeVideo-FakeAudio,D,D:\Projects\FakeAVCeleb_v1.2\FakeVideo-FakeAudio/African/women/id00568\00384_id01178_wavtolip.mp4,1,1,0.97900390625,0.5,True,correct
FakeAVCeleb_LipSync/test/1_552_id00241_00015_id00946_wavtolip,FakeAVCeleb_LipSync/test/1_552_id00241_00015_id00946_wavtolip.wav,1,wav2lip,FakeVideo-FakeAudio,D,D:\Projects\FakeAVCeleb_v1.2\FakeVideo-FakeAudio/Caucasian (European)/men/id00241\00015_id00946_wavtolip.mp4,1,1,0.97900390625,0.5,True,correct
FakeAVCeleb_LipSync/test/1_594_id00826_00065_id00735_ivJSkq5hGOQ_id03589_wavtolip,FakeAVCeleb_LipSync/test/1_594_id00826_00065_id00735_ivJSkq5hGOQ_id03589_wavtolip.wav,1,fsgan-wav2lip,FakeVideo-FakeAudio,D,D:\Projects\FakeAVCeleb_v1.2\FakeVideo-FakeAudio/Caucasian (European)/women/id00826\00065_id00735_ivJSkq5hGOQ_id03589_wavtolip.mp4,1,1,0.978515625,0.5,True,correct
FakeAVCeleb_LipSync/test/1_525_id01544_00044_id01521_wavtolip,FakeAVCeleb_LipSync/test/1_525_id01544_00044_id01521_wavtolip.wav,1,wav2lip,FakeVideo-FakeAudio,D,D:\Projects\FakeAVCeleb_v1.2\FakeVideo-FakeAudio/African/men/id01544\00044_id01521_wavtolip.mp4,1,1,0.97802734375,0.5,True,correct
FakeAVCeleb_LipSync/test/1_901_id00945_00107_id00052_NK_leX996Yk_id01201_wavtolip,FakeAVCeleb_LipSync/test/1_901_id00945_00107_id00052_NK_leX996Yk_id01201_wavtolip.wav,1,fsgan-wav2lip,FakeVideo-FakeAudio,D,D:\Projects\FakeAVCeleb_v1.2\FakeVideo-FakeAudio/Caucasian (American)/men/id00945\00107_id00052_NK_leX996Yk_id01201_wavtolip.mp4,1,1,0.97802734375,0.5,True,correct
FakeAVCeleb_LipSync/test/1_922_id00076_00109_id00476_wavtolip,FakeAVCeleb_LipSync/test/1_922_id00076_00109_id00476_wavtolip.wav,1,wav2lip,FakeVideo-FakeAudio,D,D:\Projects\FakeAVCeleb_v1.2\FakeVideo-FakeAudio/African/men/id00076\00109_id00476_wavtolip.mp4,1,1,0.97802734375,0.5,True,correct
FakeAVCeleb_LipSync/test/1_456_id03945_00063_id07165_wavtolip,FakeAVCeleb_LipSync/test/1_456_id03945_00063_id07165_wavtolip.wav,1,wav2lip,FakeVideo-FakeAudio,D,D:\Projects\FakeAVCeleb_v1.2\FakeVideo-FakeAudio/Asian (South)/men/id03945\00063_id07165_wavtolip.mp4,1,1,0.9775390625,0.5,True,correct
FakeAVCeleb_LipSync/test/1_179_id00071_00014_id00328_wavtolip,FakeAVCeleb_LipSync/test/1_179_id00071_00014_id00328_wavtolip.wav,1,wav2lip,FakeVideo-FakeAudio,D,D:\Projects\FakeAVCeleb_v1.2\FakeVideo-FakeAudio/Caucasian (European)/women/id00071\00014_id00328_wavtolip.mp4,1,1,0.9775390625,0.5,True,correct
FakeAVCeleb_LipSync/test/1_740_id01163_00195_id00062_bctnrIvZHTs_id00943_wavtolip,FakeAVCeleb_LipSync/test/1_740_id01163_00195_id00062_bctnrIvZHTs_id00943_wavtolip.wav,1,fsgan-wav2lip,FakeVideo-FakeAudio,D,D:\Projects\FakeAVCeleb_v1.2\FakeVideo-FakeAudio/Caucasian (American)/men/id01163\00195_id00062_bctnrIvZHTs_id00943_wavtolip.mp4,1,1,0.9775390625,0.5,True,correct
FakeAVCeleb_LipSync/test/1_749_id01783_00015_id03747_wQOOhZvnrq4_id00832_wavtolip,FakeAVCeleb_LipSync/test/1_749_id01783_00015_id03747_wQOOhZvnrq4_id00832_wavtolip.wav,1,fsgan-wav2lip,FakeVideo-FakeAudio,D,D:\Projects\FakeAVCeleb_v1.2\FakeVideo-FakeAudio/African/women/id01783\00015_id03747_wQOOhZvnrq4_id00832_wavtolip.mp4,1,1,0.9775390625,0.5,True,correct
FakeAVCeleb_LipSync/test/1_765_id00080_00281_id07136_4e43eS5p3_M_faceswap_id07377_wavtolip,FakeAVCeleb_LipSync/test/1_765_id00080_00281_id07136_4e43eS5p3_M_faceswap_id07377_wavtolip.wav,1,faceswap-wav2lip,FakeVideo-FakeAudio,D,D:\Projects\FakeAVCeleb_v1.2\FakeVideo-FakeAudio/Asian (South)/women/id00080\00281_id07136_4e43eS5p3_M_faceswap_id07377_wavtolip.mp4,1,1,0.9775390625,0.5,True,correct
FakeAVCeleb_LipSync/test/1_776_id01231_00015_id00383_wavtolip,FakeAVCeleb_LipSync/test/1_776_id01231_00015_id00383_wavtolip.wav,1,wav2lip,FakeVideo-FakeAudio,D,D:\Projects\FakeAVCeleb_v1.2\FakeVideo-FakeAudio/Caucasian (American)/women/id01231\00015_id00383_wavtolip.mp4,1,1,0.97705078125,0.5,True,correct
FakeAVCeleb_LipSync/test/1_597_id00243_00037_id01044_wavtolip,FakeAVCeleb_LipSync/test/1_597_id00243_00037_id01044_wavtolip.wav,1,wav2lip,FakeVideo-FakeAudio,D,D:\Projects\FakeAVCeleb_v1.2\FakeVideo-FakeAudio/Caucasian (American)/men/id00243\00037_id01044_wavtolip.mp4,1,1,0.97705078125,0.5,True,correct
FakeAVCeleb_LipSync/test/1_281_id03889_00052_id02365_wavtolip,FakeAVCeleb_LipSync/test/1_281_id03889_00052_id02365_wavtolip.wav,1,wav2lip,FakeVideo-FakeAudio,D,D:\Projects\FakeAVCeleb_v1.2\FakeVideo-FakeAudio/Asian (East)/men/id03889\00052_id02365_wavtolip.mp4,1,1,0.97705078125,0.5,True,correct
FakeAVCeleb_LipSync/test/1_468_id04537_00083_0_id00773_wavtolip,FakeAVCeleb_LipSync/test/1_468_id04537_00083_0_id00773_wavtolip.wav,1,faceswap-wav2lip,FakeVideo-FakeAudio,D,D:\Projects\FakeAVCeleb_v1.2\FakeVideo-FakeAudio/Asian (South)/men/id04537\00083_0_id00773_wavtolip.mp4,1,1,0.97705078125,0.5,True,correct
FakeAVCeleb_LipSync/test/1_446_id01521_00109_id02494_lObg47hQleE_id01598_wavtolip,FakeAVCeleb_LipSync/test/1_446_id01521_00109_id02494_lObg47hQleE_id01598_wavtolip.wav,1,fsgan-wav2lip,FakeVideo-FakeAudio,D,D:\Projects\FakeAVCeleb_v1.2\FakeVideo-FakeAudio/African/men/id01521\00109_id02494_lObg47hQleE_id01598_wavtolip.mp4,1,1,0.97705078125,0.5,True,correct
FakeAVCeleb_LipSync/test/1_816_id02824_00130_id05106_wavtolip,FakeAVCeleb_LipSync/test/1_816_id02824_00130_id05106_wavtolip.wav,1,wav2lip,FakeVideo-FakeAudio,D,D:\Projects\FakeAVCeleb_v1.2\FakeVideo-FakeAudio/African/women/id02824\00130_id05106_wavtolip.mp4,1,1,0.9765625,0.5,True,correct
FakeAVCeleb_LipSync/test/1_106_id00068_00004_1_id00633_wavtolip,FakeAVCeleb_LipSync/test/1_106_id00068_00004_1_id00633_wavtolip.wav,1,faceswap-wav2lip,FakeVideo-FakeAudio,D,D:\Projects\FakeAVCeleb_v1.2\FakeVideo-FakeAudio/Caucasian (European)/women/id00068\00004_1_id00633_wavtolip.mp4,1,1,0.9765625,0.5,True,correct
FakeAVCeleb_LipSync/test/1_973_id03344_00114_id07058_JXJTxhrICl0_faceswap_id00032_wavtolip,FakeAVCeleb_LipSync/test/1_973_id03344_00114_id07058_JXJTxhrICl0_faceswap_id00032_wavtolip.wav,1,faceswap-wav2lip,FakeVideo-FakeAudio,D,D:\Projects\FakeAVCeleb_v1.2\FakeVideo-FakeAudio/Asian (South)/men/id03344\00114_id07058_JXJTxhrICl0_faceswap_id00032_wavtolip.mp4,1,1,0.97607421875,0.5,True,correct
FakeAVCeleb_LipSync/test/1_790_id04582_00180_id06445_NWtdqOxEbDY_faceswap_id07689_wavtolip,FakeAVCeleb_LipSync/test/1_790_id04582_00180_id06445_NWtdqOxEbDY_faceswap_id07689_wavtolip.wav,1,faceswap-wav2lip,FakeVideo-FakeAudio,D,D:\Projects\FakeAVCeleb_v1.2\FakeVideo-FakeAudio/Asian (South)/women/id04582\00180_id06445_NWtdqOxEbDY_faceswap_id07689_wavtolip.mp4,1,1,0.97607421875,0.5,True,correct
FakeAVCeleb_LipSync/test/1_112_id01179_00160_id02005_7_Egh9mW5y4_id00366_wavtolip,FakeAVCeleb_LipSync/test/1_112_id01179_00160_id02005_7_Egh9mW5y4_id00366_wavtolip.wav,1,fsgan-wav2lip,FakeVideo-FakeAudio,D,D:\Projects\FakeAVCeleb_v1.2\FakeVideo-FakeAudio/African/men/id01179\00160_id02005_7_Egh9mW5y4_id00366_wavtolip.mp4,1,1,0.97607421875,0.5,True,correct
FakeAVCeleb_LipSync/test/1_754_id06268_00159_id07051_d1c0Pl2aP_4_faceswap_id03815_wavtolip,FakeAVCeleb_LipSync/test/1_754_id06268_00159_id07051_d1c0Pl2aP_4_faceswap_id03815_wavtolip.wav,1,faceswap-wav2lip,FakeVideo-FakeAudio,D,D:\Projects\FakeAVCeleb_v1.2\FakeVideo-FakeAudio/Asian (South)/women/id06268\00159_id07051_d1c0Pl2aP_4_faceswap_id03815_wavtolip.mp4,1,1,0.9755859375,0.5,True,correct
FakeAVCeleb_LipSync/test/1_201_id01091_00236_id00431_wavtolip,FakeAVCeleb_LipSync/test/1_201_id01091_00236_id00431_wavtolip.wav,1,wav2lip,FakeVideo-RealAudio,C,D:\Projects\FakeAVCeleb_v1.2\FakeVideo-RealAudio/Caucasian (American)/women/id01091\00236_id00431_wavtolip.mp4,1,1,0.9755859375,0.5,True,correct
FakeAVCeleb_LipSync/test/1_386_id01211_00023_id00062_bctnrIvZHTs_id00345_wavtolip,FakeAVCeleb_LipSync/test/1_386_id01211_00023_id00062_bctnrIvZHTs_id00345_wavtolip.wav,1,fsgan-wav2lip,FakeVideo-FakeAudio,D,D:\Projects\FakeAVCeleb_v1.2\FakeVideo-FakeAudio/Caucasian (American)/men/id01211\00023_id00062_bctnrIvZHTs_id00345_wavtolip.mp4,1,1,0.9755859375,0.5,True,correct
FakeAVCeleb_LipSync/test/1_337_id06269_00005_id06470_XoAiqCrOlyk_faceswap_id05383_wavtolip,FakeAVCeleb_LipSync/test/1_337_id06269_00005_id06470_XoAiqCrOlyk_faceswap_id05383_wavtolip.wav,1,faceswap-wav2lip,FakeVideo-FakeAudio,D,D:\Projects\FakeAVCeleb_v1.2\FakeVideo-FakeAudio/Asian (East)/men/id06269\00005_id06470_XoAiqCrOlyk_faceswap_id05383_wavtolip.mp4,1,1,0.97509765625,0.5,True,correct
FakeAVCeleb_LipSync/test/1_405_id04939_00174_id01532_wavtolip,FakeAVCeleb_LipSync/test/1_405_id04939_00174_id01532_wavtolip.wav,1,wav2lip,FakeVideo-RealAudio,C,D:\Projects\FakeAVCeleb_v1.2\FakeVideo-RealAudio/African/women/id04939\00174_id01532_wavtolip.mp4,1,1,0.974609375,0.5,True,correct
FakeAVCeleb_LipSync/test/1_810_id03103_00130_id00829_wavtolip,FakeAVCeleb_LipSync/test/1_810_id03103_00130_id00829_wavtolip.wav,1,wav2lip,FakeVideo-RealAudio,C,D:\Projects\FakeAVCeleb_v1.2\FakeVideo-RealAudio/African/women/id03103\00130_id00829_wavtolip.mp4,1,1,0.974609375,0.5,True,correct
FakeAVCeleb_LipSync/test/1_76_id00841_00078_id01075_MtJUiHspdT0_id01216_wavtolip,FakeAVCeleb_LipSync/test/1_76_id00841_00078_id01075_MtJUiHspdT0_id01216_wavtolip.wav,1,fsgan-wav2lip,FakeVideo-FakeAudio,D,D:\Projects\FakeAVCeleb_v1.2\FakeVideo-FakeAudio/Caucasian (American)/women/id00841\00078_id01075_MtJUiHspdT0_id01216_wavtolip.mp4,1,1,0.974609375,0.5,True,correct
FakeAVCeleb_LipSync/test/1_134_id01610_00090_id02296_wavtolip,FakeAVCeleb_LipSync/test/1_134_id01610_00090_id02296_wavtolip.wav,1,wav2lip,FakeVideo-RealAudio,C,D:\Projects\FakeAVCeleb_v1.2\FakeVideo-RealAudio/African/men/id01610\00090_id02296_wavtolip.mp4,1,1,0.974609375,0.5,True,correct
FakeAVCeleb_LipSync/test/1_216_id07210_00005_id04537_wavtolip,FakeAVCeleb_LipSync/test/1_216_id07210_00005_id04537_wavtolip.wav,1,wav2lip,FakeVideo-FakeAudio,D,D:\Projects\FakeAVCeleb_v1.2\FakeVideo-FakeAudio/Asian (South)/men/id07210\00005_id04537_wavtolip.mp4,1,1,0.974609375,0.5,True,correct
FakeAVCeleb_LipSync/test/1_951_id03605_00048_2_id01245_wavtolip,FakeAVCeleb_LipSync/test/1_951_id03605_00048_2_id01245_wavtolip.wav,1,faceswap-wav2lip,FakeVideo-FakeAudio,D,D:\Projects\FakeAVCeleb_v1.2\FakeVideo-FakeAudio/Caucasian (American)/women/id03605\00048_2_id01245_wavtolip.mp4,1,1,0.97412109375,0.5,True,correct
FakeAVCeleb_LipSync/test/1_394_id08402_00092_id07039_wavtolip,FakeAVCeleb_LipSync/test/1_394_id08402_00092_id07039_wavtolip.wav,1,wav2lip,FakeVideo-RealAudio,C,D:\Projects\FakeAVCeleb_v1.2\FakeVideo-RealAudio/Asian (East)/women/id08402\00092_id07039_wavtolip.mp4,1,1,0.97314453125,0.5,True,correct
FakeAVCeleb_LipSync/test/1_43_id06752_00221_id07049_BiljgZcyWI4_id06254_wavtolip,FakeAVCeleb_LipSync/test/1_43_id06752_00221_id07049_BiljgZcyWI4_id06254_wavtolip.wav,1,fsgan-wav2lip,FakeVideo-FakeAudio,D,D:\Projects\FakeAVCeleb_v1.2\FakeVideo-FakeAudio/Asian (South)/women/id06752\00221_id07049_BiljgZcyWI4_id06254_wavtolip.mp4,1,1,0.97265625,0.5,True,correct
FakeAVCeleb_LipSync/test/1_80_id01835_00130_id00761_QtTNFhCCgzw_id02296_wavtolip,FakeAVCeleb_LipSync/test/1_80_id01835_00130_id00761_QtTNFhCCgzw_id02296_wavtolip.wav,1,fsgan-wav2lip,FakeVideo-FakeAudio,D,D:\Projects\FakeAVCeleb_v1.2\FakeVideo-FakeAudio/African/men/id01835\00130_id00761_QtTNFhCCgzw_id02296_wavtolip.mp4,1,1,0.97216796875,0.5,True,correct
FakeAVCeleb_LipSync/test/1_599_id00616_00305_id03605_JGZt9DAhBRs_id00190_wavtolip,FakeAVCeleb_LipSync/test/1_599_id00616_00305_id03605_JGZt9DAhBRs_id00190_wavtolip.wav,1,fsgan-wav2lip,FakeVideo-FakeAudio,D,D:\Projects\FakeAVCeleb_v1.2\FakeVideo-FakeAudio/Caucasian (American)/women/id00616\00305_id03605_JGZt9DAhBRs_id00190_wavtolip.mp4,1,1,0.97216796875,0.5,True,correct
FakeAVCeleb_LipSync/test/1_822_id00100_00028_2_id01075_wavtolip,FakeAVCeleb_LipSync/test/1_822_id00100_00028_2_id01075_wavtolip.wav,1,faceswap-wav2lip,FakeVideo-FakeAudio,D,D:\Projects\FakeAVCeleb_v1.2\FakeVideo-FakeAudio/Caucasian (American)/women/id00100\00028_2_id01075_wavtolip.mp4,1,1,0.9716796875,0.5,True,correct
FakeAVCeleb_LipSync/test/1_693_id00187_00360_id01052_Kf4nlIEHfaU_id00963_wavtolip,FakeAVCeleb_LipSync/test/1_693_id00187_00360_id01052_Kf4nlIEHfaU_id00963_wavtolip.wav,1,fsgan-wav2lip,FakeVideo-FakeAudio,D,D:\Projects\FakeAVCeleb_v1.2\FakeVideo-FakeAudio/Caucasian (European)/men/id00187\00360_id01052_Kf4nlIEHfaU_id00963_wavtolip.mp4,1,1,0.9716796875,0.5,True,correct
FakeAVCeleb_LipSync/test/1_587_id06269_00005_id09053_wavtolip,FakeAVCeleb_LipSync/test/1_587_id06269_00005_id09053_wavtolip.wav,1,wav2lip,FakeVideo-FakeAudio,D,D:\Projects\FakeAVCeleb_v1.2\FakeVideo-FakeAudio/Asian (East)/men/id06269\00005_id09053_wavtolip.mp4,1,1,0.97021484375,0.5,True,correct
FakeAVCeleb_LipSync/test/1_896_id01239_00280_id01210_sMdOO7NqsGY_faceswap_id00529_wavtolip,FakeAVCeleb_LipSync/test/1_896_id01239_00280_id01210_sMdOO7NqsGY_faceswap_id00529_wavtolip.wav,1,faceswap-wav2lip,FakeVideo-FakeAudio,D,D:\Projects\FakeAVCeleb_v1.2\FakeVideo-FakeAudio/Caucasian (American)/men/id01239\00280_id01210_sMdOO7NqsGY_faceswap_id00529_wavtolip.mp4,1,1,0.96923828125,0.5,True,correct
FakeAVCeleb_LipSync/test/1_451_id02051_00015_id01530_wavtolip,FakeAVCeleb_LipSync/test/1_451_id02051_00015_id01530_wavtolip.wav,1,wav2lip,FakeVideo-FakeAudio,D,D:\Projects\FakeAVCeleb_v1.2\FakeVideo-FakeAudio/African/men/id02051\00015_id01530_wavtolip.mp4,1,1,0.96875,0.5,True,correct
FakeAVCeleb_LipSync/test/1_14_id01044_00336_id01192_kAht8HG7-1s_faceswap_id00088_wavtolip,FakeAVCeleb_LipSync/test/1_14_id01044_00336_id01192_kAht8HG7-1s_faceswap_id00088_wavtolip.wav,1,faceswap-wav2lip,FakeVideo-FakeAudio,D,D:\Projects\FakeAVCeleb_v1.2\FakeVideo-FakeAudio/Caucasian (American)/men/id01044\00336_id01192_kAht8HG7-1s_faceswap_id00088_wavtolip.mp4,1,1,0.96630859375,0.5,True,correct
FakeAVCeleb_LipSync/test/1_874_id02310_00139_id02619_wavtolip,FakeAVCeleb_LipSync/test/1_874_id02310_00139_id02619_wavtolip.wav,1,wav2lip,FakeVideo-RealAudio,C,D:\Projects\FakeAVCeleb_v1.2\FakeVideo-RealAudio/Asian (South)/women/id02310\00139_id02619_wavtolip.mp4,1,1,0.9658203125,0.5,True,correct
FakeAVCeleb_LipSync/test/1_598_id07739_00019_id01451_wavtolip,FakeAVCeleb_LipSync/test/1_598_id07739_00019_id01451_wavtolip.wav,1,wav2lip,FakeVideo-RealAudio,C,D:\Projects\FakeAVCeleb_v1.2\FakeVideo-RealAudio/Asian (East)/women/id07739\00019_id01451_wavtolip.mp4,1,1,0.96435546875,0.5,True,correct
FakeAVCeleb_LipSync/test/1_20_id01933_00028_id02005_wavtolip,FakeAVCeleb_LipSync/test/1_20_id01933_00028_id02005_wavtolip.wav,1,wav2lip,FakeVideo-RealAudio,C,D:\Projects\FakeAVCeleb_v1.2\FakeVideo-RealAudio/African/men/id01933\00028_id02005_wavtolip.mp4,1,1,0.962890625,0.5,True,correct
FakeAVCeleb_LipSync/test/1_795_id00592_00017_id01661_wavtolip,FakeAVCeleb_LipSync/test/1_795_id00592_00017_id01661_wavtolip.wav,1,wav2lip,FakeVideo-FakeAudio,D,D:\Projects\FakeAVCeleb_v1.2\FakeVideo-FakeAudio/African/women/id00592\00017_id01661_wavtolip.mp4,1,1,0.962890625,0.5,True,correct
FakeAVCeleb_LipSync/test/1_694_id00498_00014_id01123_wavtolip,FakeAVCeleb_LipSync/test/1_694_id00498_00014_id01123_wavtolip.wav,1,wav2lip,FakeVideo-RealAudio,C,D:\Projects\FakeAVCeleb_v1.2\FakeVideo-RealAudio/Caucasian (European)/men/id00498\00014_id01123_wavtolip.mp4,1,1,0.96142578125,0.5,True,correct
FakeAVCeleb_LipSync/test/1_498_id04111_00015_id01215_wavtolip,FakeAVCeleb_LipSync/test/1_498_id04111_00015_id01215_wavtolip.wav,1,wav2lip,FakeVideo-RealAudio,C,D:\Projects\FakeAVCeleb_v1.2\FakeVideo-RealAudio/Asian (East)/men/id04111\00015_id01215_wavtolip.mp4,1,1,0.9609375,0.5,True,correct
FakeAVCeleb_LipSync/test/1_457_id00462_00143_id00190_wavtolip,FakeAVCeleb_LipSync/test/1_457_id00462_00143_id00190_wavtolip.wav,1,wav2lip,FakeVideo-RealAudio,C,D:\Projects\FakeAVCeleb_v1.2\FakeVideo-RealAudio/Caucasian (American)/women/id00462\00143_id00190_wavtolip.mp4,1,1,0.95947265625,0.5,True,correct
FakeAVCeleb_LipSync/test/1_484_id00100_00028_2_id00098_wavtolip,FakeAVCeleb_LipSync/test/1_484_id00100_00028_2_id00098_wavtolip.wav,1,faceswap-wav2lip,FakeVideo-FakeAudio,D,D:\Projects\FakeAVCeleb_v1.2\FakeVideo-FakeAudio/Caucasian (American)/women/id00100\00028_2_id00098_wavtolip.mp4,1,1,0.9580078125,0.5,True,correct
FakeAVCeleb_LipSync/test/1_950_id04219_00130_id00529_wavtolip,FakeAVCeleb_LipSync/test/1_950_id04219_00130_id00529_wavtolip.wav,1,wav2lip,FakeVideo-FakeAudio,D,D:\Projects\FakeAVCeleb_v1.2\FakeVideo-FakeAudio/Caucasian (American)/men/id04219\00130_id00529_wavtolip.mp4,1,1,0.95703125,0.5,True,correct
FakeAVCeleb_LipSync/test/1_942_id02332_00055_id06776_wavtolip,FakeAVCeleb_LipSync/test/1_942_id02332_00055_id06776_wavtolip.wav,1,wav2lip,FakeVideo-RealAudio,C,D:\Projects\FakeAVCeleb_v1.2\FakeVideo-RealAudio/Asian (East)/men/id02332\00055_id06776_wavtolip.mp4,1,1,0.9482421875,0.5,True,correct
FakeAVCeleb_LipSync/test/1_324_id03525_00048_id01044_wavtolip,FakeAVCeleb_LipSync/test/1_324_id03525_00048_id01044_wavtolip.wav,1,wav2lip,FakeVideo-RealAudio,C,D:\Projects\FakeAVCeleb_v1.2\FakeVideo-RealAudio/Caucasian (American)/men/id03525\00048_id01044_wavtolip.mp4,1,1,0.9423828125,0.5,True,correct
FakeAVCeleb_LipSync/test/1_651_id07799_00063_id08139_wavtolip,FakeAVCeleb_LipSync/test/1_651_id07799_00063_id08139_wavtolip.wav,1,wav2lip,FakeVideo-FakeAudio,D,D:\Projects\FakeAVCeleb_v1.2\FakeVideo-FakeAudio/Asian (East)/women/id07799\00063_id08139_wavtolip.mp4,1,1,0.93798828125,0.5,True,correct
FakeAVCeleb_LipSync/test/1_734_id07194_00014_id00857_wavtolip,FakeAVCeleb_LipSync/test/1_734_id07194_00014_id00857_wavtolip.wav,1,wav2lip,FakeVideo-RealAudio,C,D:\Projects\FakeAVCeleb_v1.2\FakeVideo-RealAudio/Asian (South)/men/id07194\00014_id00857_wavtolip.mp4,1,1,0.9375,0.5,True,correct
FakeAVCeleb_LipSync/test/1_188_id01521_00109_id01528_wavtolip,FakeAVCeleb_LipSync/test/1_188_id01521_00109_id01528_wavtolip.wav,1,wav2lip,FakeVideo-RealAudio,C,D:\Projects\FakeAVCeleb_v1.2\FakeVideo-RealAudio/African/men/id01521\00109_id01528_wavtolip.mp4,1,1,0.92919921875,0.5,True,correct
FakeAVCeleb_LipSync/test/1_680_id00491_00122_id00496_wavtolip,FakeAVCeleb_LipSync/test/1_680_id00491_00122_id00496_wavtolip.wav,1,wav2lip,FakeVideo-RealAudio,C,D:\Projects\FakeAVCeleb_v1.2\FakeVideo-RealAudio/Caucasian (European)/women/id00491\00122_id00496_wavtolip.mp4,1,1,0.8896484375,0.5,True,correct
FakeAVCeleb_LipSync/test/1_584_id00235_00052_id04529_wavtolip,FakeAVCeleb_LipSync/test/1_584_id00235_00052_id04529_wavtolip.wav,1,wav2lip,FakeVideo-RealAudio,C,D:\Projects\FakeAVCeleb_v1.2\FakeVideo-RealAudio/Asian (South)/women/id00235\00052_id04529_wavtolip.mp4,1,1,0.85693359375,0.5,True,correct
FakeAVCeleb_LipSync/test/1_892_id06470_00052_id00056_wavtolip,FakeAVCeleb_LipSync/test/1_892_id06470_00052_id00056_wavtolip.wav,1,wav2lip,FakeVideo-RealAudio,C,D:\Projects\FakeAVCeleb_v1.2\FakeVideo-RealAudio/Asian (East)/men/id06470\00052_id00056_wavtolip.mp4,1,1,0.853515625,0.5,True,correct
FakeAVCeleb_LipSync/test/1_181_id07210_00005_id04560_wavtolip,FakeAVCeleb_LipSync/test/1_181_id07210_00005_id04560_wavtolip.wav,1,wav2lip,FakeVideo-FakeAudio,D,D:\Projects\FakeAVCeleb_v1.2\FakeVideo-FakeAudio/Asian (South)/men/id07210\00005_id04560_wavtolip.mp4,1,1,0.80126953125,0.5,True,correct
FakeAVCeleb_LipSync/test/1_947_id09053_00005_id03889_wavtolip,FakeAVCeleb_LipSync/test/1_947_id09053_00005_id03889_wavtolip.wav,1,wav2lip,FakeVideo-FakeAudio,D,D:\Projects\FakeAVCeleb_v1.2\FakeVideo-FakeAudio/Asian (East)/men/id09053\00005_id03889_wavtolip.mp4,1,1,0.7138671875,0.5,True,correct
FakeAVCeleb_LipSync/test/1_142_id00589_00130_id03651_wavtolip,FakeAVCeleb_LipSync/test/1_142_id00589_00130_id03651_wavtolip.wav,1,wav2lip,FakeVideo-FakeAudio,D,D:\Projects\FakeAVCeleb_v1.2\FakeVideo-FakeAudio/Caucasian (European)/women/id00589\00130_id03651_wavtolip.mp4,1,1,0.62744140625,0.5,True,correct
FakeAVCeleb_LipSync/test/1_911_id03945_00063_id04562_wavtolip,FakeAVCeleb_LipSync/test/1_911_id03945_00063_id04562_wavtolip.wav,1,wav2lip,FakeVideo-RealAudio,C,D:\Projects\FakeAVCeleb_v1.2\FakeVideo-RealAudio/Asian (South)/men/id03945\00063_id04562_wavtolip.mp4,1,1,0.55419921875,0.5,True,correct
FakeAVCeleb_LipSync/test/0_871_id00169_00021,FakeAVCeleb_LipSync/test/0_871_id00169_00021.wav,0,real,RealVideo-RealAudio,A,D:\Projects\FakeAVCeleb_v1.2\RealVideo-RealAudio/Caucasian (American)/men/id00169\00021.mp4,0,0,0.391845703125,0.5,True,correct
FakeAVCeleb_LipSync/test/0_677_id05434_00052,FakeAVCeleb_LipSync/test/0_677_id05434_00052.wav,0,real,RealVideo-RealAudio,A,D:\Projects\FakeAVCeleb_v1.2\RealVideo-RealAudio/Asian (South)/women/id05434\00052.mp4,0,0,0.365966796875,0.5,True,correct
FakeAVCeleb_LipSync/test/0_45_id02586_00042,FakeAVCeleb_LipSync/test/0_45_id02586_00042.wav,0,real,RealVideo-RealAudio,A,D:\Projects\FakeAVCeleb_v1.2\RealVideo-RealAudio/African/women/id02586\00042.mp4,0,0,0.3642578125,0.5,True,correct
FakeAVCeleb_LipSync/test/0_669_id07039_00105,FakeAVCeleb_LipSync/test/0_669_id07039_00105.wav,0,real,RealVideo-RealAudio,A,D:\Projects\FakeAVCeleb_v1.2\RealVideo-RealAudio/Asian (East)/women/id07039\00105.mp4,0,0,0.253662109375,0.5,True,correct
FakeAVCeleb_LipSync/test/0_760_id01215_00001,FakeAVCeleb_LipSync/test/0_760_id01215_00001.wav,0,real,RealVideo-RealAudio,A,D:\Projects\FakeAVCeleb_v1.2\RealVideo-RealAudio/Asian (East)/men/id01215\00001.mp4,0,0,0.232177734375,0.5,True,correct
FakeAVCeleb_LipSync/test/0_650_id07161_00159,FakeAVCeleb_LipSync/test/0_650_id07161_00159.wav,0,real,RealVideo-RealAudio,A,D:\Projects\FakeAVCeleb_v1.2\RealVideo-RealAudio/Asian (South)/men/id07161\00159.mp4,0,0,0.1961669921875,0.5,True,correct
FakeAVCeleb_LipSync/test/0_576_id05383_00015,FakeAVCeleb_LipSync/test/0_576_id05383_00015.wav,0,real,RealVideo-RealAudio,A,D:\Projects\FakeAVCeleb_v1.2\RealVideo-RealAudio/Asian (East)/men/id05383\00015.mp4,0,0,0.15234375,0.5,True,correct
FakeAVCeleb_LipSync/test/0_995_id01182_00167,FakeAVCeleb_LipSync/test/0_995_id01182_00167.wav,0,real,RealVideo-RealAudio,A,D:\Projects\FakeAVCeleb_v1.2\RealVideo-RealAudio/Caucasian (American)/men/id01182\00167.mp4,0,0,0.1512451171875,0.5,True,correct
FakeAVCeleb_LipSync/test/0_726_id04927_00013,FakeAVCeleb_LipSync/test/0_726_id04927_00013.wav,0,real,RealVideo-RealAudio,A,D:\Projects\FakeAVCeleb_v1.2\RealVideo-RealAudio/Asian (South)/women/id04927\00013.mp4,0,0,0.137451171875,0.5,True,correct
FakeAVCeleb_LipSync/test/0_116_id00087_00002,FakeAVCeleb_LipSync/test/0_116_id00087_00002.wav,0,real,RealVideo-RealAudio,A,D:\Projects\FakeAVCeleb_v1.2\RealVideo-RealAudio/Caucasian (American)/men/id00087\00002.mp4,0,0,0.110107421875,0.5,True,correct
FakeAVCeleb_LipSync/test/0_25_id02332_00055,FakeAVCeleb_LipSync/test/0_25_id02332_00055.wav,0,real,RealVideo-RealAudio,A,D:\Projects\FakeAVCeleb_v1.2\RealVideo-RealAudio/Asian (East)/men/id02332\00055.mp4,0,0,0.1026611328125,0.5,True,correct
FakeAVCeleb_LipSync/test/0_766_id01528_00017,FakeAVCeleb_LipSync/test/0_766_id01528_00017.wav,0,real,RealVideo-RealAudio,A,D:\Projects\FakeAVCeleb_v1.2\RealVideo-RealAudio/African/men/id01528\00017.mp4,0,0,0.0709228515625,0.5,True,correct
FakeAVCeleb_LipSync/test/0_71_id00560_00041,FakeAVCeleb_LipSync/test/0_71_id00560_00041.wav,0,real,RealVideo-RealAudio,A,D:\Projects\FakeAVCeleb_v1.2\RealVideo-RealAudio/Asian (East)/men/id00560\00041.mp4,0,0,0.06756591796875,0.5,True,correct
FakeAVCeleb_LipSync/test/0_533_id00097_00162,FakeAVCeleb_LipSync/test/0_533_id00097_00162.wav,0,real,RealVideo-RealAudio,A,D:\Projects\FakeAVCeleb_v1.2\RealVideo-RealAudio/Caucasian (American)/women/id00097\00162.mp4,0,0,0.06610107421875,0.5,True,correct
FakeAVCeleb_LipSync/test/0_348_id00816_00118,FakeAVCeleb_LipSync/test/0_348_id00816_00118.wav,0,real,RealVideo-RealAudio,A,D:\Projects\FakeAVCeleb_v1.2\RealVideo-RealAudio/Asian (South)/men/id00816\00118.mp4,0,0,0.0592041015625,0.5,True,correct
FakeAVCeleb_LipSync/test/0_487_id07377_00025,FakeAVCeleb_LipSync/test/0_487_id07377_00025.wav,0,real,RealVideo-RealAudio,A,D:\Projects\FakeAVCeleb_v1.2\RealVideo-RealAudio/Asian (South)/women/id07377\00025.mp4,0,0,0.058441162109375,0.5,True,correct
FakeAVCeleb_LipSync/test/0_713_id03945_00063,FakeAVCeleb_LipSync/test/0_713_id03945_00063.wav,0,real,RealVideo-RealAudio,A,D:\Projects\FakeAVCeleb_v1.2\RealVideo-RealAudio/Asian (South)/men/id03945\00063.mp4,0,0,0.05560302734375,0.5,True,correct
FakeAVCeleb_LipSync/test/0_420_id00185_00015,FakeAVCeleb_LipSync/test/0_420_id00185_00015.wav,0,real,RealVideo-RealAudio,A,D:\Projects\FakeAVCeleb_v1.2\RealVideo-RealAudio/Caucasian (European)/men/id00185\00015.mp4,0,0,0.055206298828125,0.5,True,correct
FakeAVCeleb_LipSync/test/0_395_id01451_00099,FakeAVCeleb_LipSync/test/0_395_id01451_00099.wav,0,real,RealVideo-RealAudio,A,D:\Projects\FakeAVCeleb_v1.2\RealVideo-RealAudio/Asian (East)/women/id01451\00099.mp4,0,0,0.053314208984375,0.5,True,correct
FakeAVCeleb_LipSync/test/0_425_id00863_00069,FakeAVCeleb_LipSync/test/0_425_id00863_00069.wav,0,real,RealVideo-RealAudio,A,D:\Projects\FakeAVCeleb_v1.2\RealVideo-RealAudio/Asian (East)/men/id00863\00069.mp4,0,0,0.053314208984375,0.5,True,correct
FakeAVCeleb_LipSync/test/0_101_id01192_00217,FakeAVCeleb_LipSync/test/0_101_id01192_00217.wav,0,real,RealVideo-RealAudio,A,D:\Projects\FakeAVCeleb_v1.2\RealVideo-RealAudio/Caucasian (American)/men/id01192\00217.mp4,0,0,0.052703857421875,0.5,True,correct
FakeAVCeleb_LipSync/test/0_384_id01126_00040,FakeAVCeleb_LipSync/test/0_384_id01126_00040.wav,0,real,RealVideo-RealAudio,A,D:\Projects\FakeAVCeleb_v1.2\RealVideo-RealAudio/Caucasian (European)/men/id01126\00040.mp4,0,0,0.052032470703125,0.5,True,correct
FakeAVCeleb_LipSync/test/0_368_id00126_00173,FakeAVCeleb_LipSync/test/0_368_id00126_00173.wav,0,real,RealVideo-RealAudio,A,D:\Projects\FakeAVCeleb_v1.2\RealVideo-RealAudio/Asian (East)/men/id00126\00173.mp4,0,0,0.05126953125,0.5,True,correct
FakeAVCeleb_LipSync/test/0_172_id00775_00092,FakeAVCeleb_LipSync/test/0_172_id00775_00092.wav,0,real,RealVideo-RealAudio,A,D:\Projects\FakeAVCeleb_v1.2\RealVideo-RealAudio/Caucasian (American)/men/id00775\00092.mp4,0,0,0.050506591796875,0.5,True,correct
FakeAVCeleb_LipSync/test/0_48_id04689_00005,FakeAVCeleb_LipSync/test/0_48_id04689_00005.wav,0,real,RealVideo-RealAudio,A,D:\Projects\FakeAVCeleb_v1.2\RealVideo-RealAudio/African/women/id04689\00005.mp4,0,0,0.049957275390625,0.5,True,correct
FakeAVCeleb_LipSync/test/0_512_id01223_00255,FakeAVCeleb_LipSync/test/0_512_id01223_00255.wav,0,real,RealVideo-RealAudio,A,D:\Projects\FakeAVCeleb_v1.2\RealVideo-RealAudio/Caucasian (American)/women/id01223\00255.mp4,0,0,0.049041748046875,0.5,True,correct
FakeAVCeleb_LipSync/test/0_632_id07136_00052,FakeAVCeleb_LipSync/test/0_632_id07136_00052.wav,0,real,RealVideo-RealAudio,A,D:\Projects\FakeAVCeleb_v1.2\RealVideo-RealAudio/Asian (South)/women/id07136\00052.mp4,0,0,0.048492431640625,0.5,True,correct
FakeAVCeleb_LipSync/test/0_882_id06061_00002,FakeAVCeleb_LipSync/test/0_882_id06061_00002.wav,0,real,RealVideo-RealAudio,A,D:\Projects\FakeAVCeleb_v1.2\RealVideo-RealAudio/Asian (East)/women/id06061\00002.mp4,0,0,0.04840087890625,0.5,True,correct
FakeAVCeleb_LipSync/test/0_263_id00082_00052,FakeAVCeleb_LipSync/test/0_263_id00082_00052.wav,0,real,RealVideo-RealAudio,A,D:\Projects\FakeAVCeleb_v1.2\RealVideo-RealAudio/Asian (South)/men/id00082\00052.mp4,0,0,0.047698974609375,0.5,True,correct
FakeAVCeleb_LipSync/test/0_217_id00415_00017,FakeAVCeleb_LipSync/test/0_217_id00415_00017.wav,0,real,RealVideo-RealAudio,A,D:\Projects\FakeAVCeleb_v1.2\RealVideo-RealAudio/Caucasian (European)/men/id00415\00017.mp4,0,0,0.0472412109375,0.5,True,correct
FakeAVCeleb_LipSync/test/0_716_id08313_00202,FakeAVCeleb_LipSync/test/0_716_id08313_00202.wav,0,real,RealVideo-RealAudio,A,D:\Projects\FakeAVCeleb_v1.2\RealVideo-RealAudio/Asian (South)/men/id08313\00202.mp4,0,0,0.04595947265625,0.5,True,correct
FakeAVCeleb_LipSync/test/0_316_id01589_00017,FakeAVCeleb_LipSync/test/0_316_id01589_00017.wav,0,real,RealVideo-RealAudio,A,D:\Projects\FakeAVCeleb_v1.2\RealVideo-RealAudio/Asian (East)/men/id01589\00017.mp4,0,0,0.04595947265625,0.5,True,correct
FakeAVCeleb_LipSync/test/0_927_id00241_00015,FakeAVCeleb_LipSync/test/0_927_id00241_00015.wav,0,real,RealVideo-RealAudio,A,D:\Projects\FakeAVCeleb_v1.2\RealVideo-RealAudio/Caucasian (European)/men/id00241\00015.mp4,0,0,0.04559326171875,0.5,True,correct
FakeAVCeleb_LipSync/test/0_596_id01530_00002,FakeAVCeleb_LipSync/test/0_596_id01530_00002.wav,0,real,RealVideo-RealAudio,A,D:\Projects\FakeAVCeleb_v1.2\RealVideo-RealAudio/African/men/id01530\00002.mp4,0,0,0.045257568359375,0.5,True,correct
FakeAVCeleb_LipSync/test/0_422_id00773_00038,FakeAVCeleb_LipSync/test/0_422_id00773_00038.wav,0,real,RealVideo-RealAudio,A,D:\Projects\FakeAVCeleb_v1.2\RealVideo-RealAudio/Asian (South)/men/id00773\00038.mp4,0,0,0.045257568359375,0.5,True,correct
FakeAVCeleb_LipSync/test/0_660_id00368_00078,FakeAVCeleb_LipSync/test/0_660_id00368_00078.wav,0,real,RealVideo-RealAudio,A,D:\Projects\FakeAVCeleb_v1.2\RealVideo-RealAudio/Caucasian (European)/men/id00368\00078.mp4,0,0,0.044921875,0.5,True,correct
FakeAVCeleb_LipSync/test/0_19_id02948_00298,FakeAVCeleb_LipSync/test/0_19_id02948_00298.wav,0,real,RealVideo-RealAudio,A,D:\Projects\FakeAVCeleb_v1.2\RealVideo-RealAudio/African/women/id02948\00298.mp4,0,0,0.04443359375,0.5,True,correct
FakeAVCeleb_LipSync/test/0_807_id05478_00135,FakeAVCeleb_LipSync/test/0_807_id05478_00135.wav,0,real,RealVideo-RealAudio,A,D:\Projects\FakeAVCeleb_v1.2\RealVideo-RealAudio/Asian (South)/women/id05478\00135.mp4,0,0,0.044281005859375,0.5,True,correct
FakeAVCeleb_LipSync/test/0_115_id00261_00048,FakeAVCeleb_LipSync/test/0_115_id00261_00048.wav,0,real,RealVideo-RealAudio,A,D:\Projects\FakeAVCeleb_v1.2\RealVideo-RealAudio/Caucasian (American)/women/id00261\00048.mp4,0,0,0.044097900390625,0.5,True,correct
FakeAVCeleb_LipSync/test/0_551_id00577_00010,FakeAVCeleb_LipSync/test/0_551_id00577_00010.wav,0,real,RealVideo-RealAudio,A,D:\Projects\FakeAVCeleb_v1.2\RealVideo-RealAudio/African/women/id00577\00010.mp4,0,0,0.043853759765625,0.5,True,correct
FakeAVCeleb_LipSync/test/0_895_id06535_00183,FakeAVCeleb_LipSync/test/0_895_id06535_00183.wav,0,real,RealVideo-RealAudio,A,D:\Projects\FakeAVCeleb_v1.2\RealVideo-RealAudio/Asian (East)/men/id06535\00183.mp4,0,0,0.04376220703125,0.5,True,correct
FakeAVCeleb_LipSync/test/0_683_id00520_00187,FakeAVCeleb_LipSync/test/0_683_id00520_00187.wav,0,real,RealVideo-RealAudio,A,D:\Projects\FakeAVCeleb_v1.2\RealVideo-RealAudio/Caucasian (European)/men/id00520\00187.mp4,0,0,0.04345703125,0.5,True,correct
FakeAVCeleb_LipSync/test/0_866_id01231_00015,FakeAVCeleb_LipSync/test/0_866_id01231_00015.wav,0,real,RealVideo-RealAudio,A,D:\Projects\FakeAVCeleb_v1.2\RealVideo-RealAudio/Caucasian (American)/women/id01231\00015.mp4,0,0,0.04345703125,0.5,True,correct
FakeAVCeleb_LipSync/test/0_898_id00100_00028,FakeAVCeleb_LipSync/test/0_898_id00100_00028.wav,0,real,RealVideo-RealAudio,A,D:\Projects\FakeAVCeleb_v1.2\RealVideo-RealAudio/Caucasian (American)/women/id00100\00028.mp4,0,0,0.04345703125,0.5,True,correct
FakeAVCeleb_LipSync/test/0_139_id00231_00037,FakeAVCeleb_LipSync/test/0_139_id00231_00037.wav,0,real,RealVideo-RealAudio,A,D:\Projects\FakeAVCeleb_v1.2\RealVideo-RealAudio/Caucasian (American)/women/id00231\00037.mp4,0,0,0.043365478515625,0.5,True,correct
FakeAVCeleb_LipSync/test/0_925_id01178_00028,FakeAVCeleb_LipSync/test/0_925_id01178_00028.wav,0,real,RealVideo-RealAudio,A,D:\Projects\FakeAVCeleb_v1.2\RealVideo-RealAudio/African/women/id01178\00028.mp4,0,0,0.043212890625,0.5,True,correct
FakeAVCeleb_LipSync/test/0_419_id00358_00217,FakeAVCeleb_LipSync/test/0_419_id00358_00217.wav,0,real,RealVideo-RealAudio,A,D:\Projects\FakeAVCeleb_v1.2\RealVideo-RealAudio/Caucasian (European)/men/id00358\00217.mp4,0,0,0.043212890625,0.5,True,correct
FakeAVCeleb_LipSync/test/0_119_id00842_00043,FakeAVCeleb_LipSync/test/0_119_id00842_00043.wav,0,real,RealVideo-RealAudio,A,D:\Projects\FakeAVCeleb_v1.2\RealVideo-RealAudio/Caucasian (American)/women/id00842\00043.mp4,0,0,0.04302978515625,0.5,True,correct
FakeAVCeleb_LipSync/test/0_459_id04216_00470,FakeAVCeleb_LipSync/test/0_459_id04216_00470.wav,0,real,RealVideo-RealAudio,A,D:\Projects\FakeAVCeleb_v1.2\RealVideo-RealAudio/Caucasian (American)/men/id04216\00470.mp4,0,0,0.04302978515625,0.5,True,correct
FakeAVCeleb_LipSync/test/0_881_id03696_00160,FakeAVCeleb_LipSync/test/0_881_id03696_00160.wav,0,real,RealVideo-RealAudio,A,D:\Projects\FakeAVCeleb_v1.2\RealVideo-RealAudio/Caucasian (American)/women/id03696\00160.mp4,0,0,0.04296875,0.5,True,correct
FakeAVCeleb_LipSync/test/0_864_id02464_00002,FakeAVCeleb_LipSync/test/0_864_id02464_00002.wav,0,real,RealVideo-RealAudio,A,D:\Projects\FakeAVCeleb_v1.2\RealVideo-RealAudio/Caucasian (American)/women/id02464\00002.mp4,0,0,0.042816162109375,0.5,True,correct
FakeAVCeleb_LipSync/test/0_558_id06438_00110,FakeAVCeleb_LipSync/test/0_558_id06438_00110.wav,0,real,RealVideo-RealAudio,A,D:\Projects\FakeAVCeleb_v1.2\RealVideo-RealAudio/Asian (South)/women/id06438\00110.mp4,0,0,0.042633056640625,0.5,True,correct
FakeAVCeleb_LipSync/test/0_527_id01452_00001,FakeAVCeleb_LipSync/test/0_527_id01452_00001.wav,0,real,RealVideo-RealAudio,A,D:\Projects\FakeAVCeleb_v1.2\RealVideo-RealAudio/African/men/id01452\00001.mp4,0,0,0.04248046875,0.5,True,correct
FakeAVCeleb_LipSync/test/0_857_id00829_00271,FakeAVCeleb_LipSync/test/0_857_id00829_00271.wav,0,real,RealVideo-RealAudio,A,D:\Projects\FakeAVCeleb_v1.2\RealVideo-RealAudio/African/women/id00829\00271.mp4,0,0,0.042388916015625,0.5,True,correct
FakeAVCeleb_LipSync/test/0_341_id00478_00206,FakeAVCeleb_LipSync/test/0_341_id00478_00206.wav,0,real,RealVideo-RealAudio,A,D:\Projects\FakeAVCeleb_v1.2\RealVideo-RealAudio/African/men/id00478\00206.mp4,0,0,0.042388916015625,0.5,True,correct
FakeAVCeleb_LipSync/test/0_983_id03897_00021,FakeAVCeleb_LipSync/test/0_983_id03897_00021.wav,0,real,RealVideo-RealAudio,A,D:\Projects\FakeAVCeleb_v1.2\RealVideo-RealAudio/Asian (South)/women/id03897\00021.mp4,0,0,0.042327880859375,0.5,True,correct
FakeAVCeleb_LipSync/test/0_343_id00519_00028,FakeAVCeleb_LipSync/test/0_343_id00519_00028.wav,0,real,RealVideo-RealAudio,A,D:\Projects\FakeAVCeleb_v1.2\RealVideo-RealAudio/Caucasian (European)/men/id00519\00028.mp4,0,0,0.042327880859375,0.5,True,correct
FakeAVCeleb_LipSync/test/0_975_id03211_00032,FakeAVCeleb_LipSync/test/0_975_id03211_00032.wav,0,real,RealVideo-RealAudio,A,D:\Projects\FakeAVCeleb_v1.2\RealVideo-RealAudio/Asian (East)/women/id03211\00032.mp4,0,0,0.042236328125,0.5,True,correct
FakeAVCeleb_LipSync/test/0_585_id00383_00171,FakeAVCeleb_LipSync/test/0_585_id00383_00171.wav,0,real,RealVideo-RealAudio,A,D:\Projects\FakeAVCeleb_v1.2\RealVideo-RealAudio/Caucasian (American)/women/id00383\00171.mp4,0,0,0.041839599609375,0.5,True,correct
FakeAVCeleb_LipSync/test/0_137_id03649_00001,FakeAVCeleb_LipSync/test/0_137_id03649_00001.wav,0,real,RealVideo-RealAudio,A,D:\Projects\FakeAVCeleb_v1.2\RealVideo-RealAudio/Caucasian (European)/women/id03649\00001.mp4,0,0,0.0416259765625,0.5,True,correct
FakeAVCeleb_LipSync/test/0_967_id00568_00384,FakeAVCeleb_LipSync/test/0_967_id00568_00384.wav,0,real,RealVideo-RealAudio,A,D:\Projects\FakeAVCeleb_v1.2\RealVideo-RealAudio/African/women/id00568\00384.mp4,0,0,0.04132080078125,0.5,True,correct
FakeAVCeleb_LipSync/test/0_34_id05576_00368,FakeAVCeleb_LipSync/test/0_34_id05576_00368.wav,0,real,RealVideo-RealAudio,A,D:\Projects\FakeAVCeleb_v1.2\RealVideo-RealAudio/Asian (East)/women/id05576\00368.mp4,0,0,0.04132080078125,0.5,True,correct
FakeAVCeleb_LipSync/test/0_108_id06354_00021,FakeAVCeleb_LipSync/test/0_108_id06354_00021.wav,0,real,RealVideo-RealAudio,A,D:\Projects\FakeAVCeleb_v1.2\RealVideo-RealAudio/Asian (South)/men/id06354\00021.mp4,0,0,0.040924072265625,0.5,True,correct
FakeAVCeleb_LipSync/test/0_519_id00363_00014,FakeAVCeleb_LipSync/test/0_519_id00363_00014.wav,0,real,RealVideo-RealAudio,A,D:\Projects\FakeAVCeleb_v1.2\RealVideo-RealAudio/Asian (East)/women/id00363\00014.mp4,0,0,0.040771484375,0.5,True,correct
FakeAVCeleb_LipSync/test/0_397_id00529_00409,FakeAVCeleb_LipSync/test/0_397_id00529_00409.wav,0,real,RealVideo-RealAudio,A,D:\Projects\FakeAVCeleb_v1.2\RealVideo-RealAudio/Caucasian (American)/men/id00529\00409.mp4,0,0,0.040618896484375,0.5,True,correct
FakeAVCeleb_LipSync/test/0_935_id03678_00078,FakeAVCeleb_LipSync/test/0_935_id03678_00078.wav,0,real,RealVideo-RealAudio,A,D:\Projects\FakeAVCeleb_v1.2\RealVideo-RealAudio/Caucasian (American)/men/id03678\00078.mp4,0,0,0.040252685546875,0.5,True,correct
